casilla_id,distrito_fed_17,distrito_fed_12,distrito_loc_17,distrito_loc_12,are,seccion,casilla,tipo_seccion,pri_pvem,pan_na,prd,pt,mc,otros,total,ln,tamano_md,tamano_gd,region,casilla_ex,rural,ln_total
597,1,1,2,2,1-14,2935,B-C,M,180,213,9,0,0,11,413,554,1,0,2,0,0,554
457,1,1,2,2,1-51,2560,B-C,U,166,130,20,6,0,19,341,584,1,0,2,0,0,584
570,1,1,2,2,1-28,2891,B-C,M,229,284,58,1,2,17,591,737,1,0,2,0,0,737
163,4,1,1,1,1-87,2379,B-C,U,168,126,9,1,2,13,319,579,1,0,1,0,0,579
109,4,1,1,1,1-63,2347,B-C,U,201,199,12,20,1,9,442,648,1,0,1,0,0,648
105,4,1,1,1,1-104,1910,B-C,M,130,253,36,3,2,8,432,593,1,0,1,0,0,593
79,4,1,1,1,1-100,1895,B-C,U,152,236,17,1,0,10,416,628,1,0,1,0,0,628
181,4,1,1,1,1-88,2385,B-C,U,204,117,13,2,3,14,353,614,1,0,1,0,0,614
77,4,1,1,1,1-100,1894,B-C,U,143,175,12,2,0,4,336,465,0,0,1,0,0,465
92,4,1,1,1,1-103,1902,B-C,M,26,78,5,0,0,4,113,134,0,0,1,0,0,134
177,4,1,1,1,1-88,2384,B-C,U,167,114,13,2,1,5,302,438,0,0,1,0,0,438
227,4,1,1,1,1-74,2409,B-C,M,145,90,13,3,0,10,261,551,1,0,1,0,0,551
487,1,1,2,2,1-40,2581,B-C,R,114,214,16,5,5,0,354,662,1,0,2,0,1,662
592,1,1,2,2,1-20,2904,B-C,R,142,142,25,2,2,11,324,427,0,0,2,0,1,427
604,1,1,2,2,1-7,2938,E,R,41,35,0,0,0,3,79,86,0,0,2,1,1,86
283,4,1,1,1,1-90,2441,B-C,R,66,147,15,4,1,14,247,526,1,0,1,0,1,526
494,1,1,2,2,1-42,2584,B-C,R,99,155,11,3,2,22,292,542,1,0,2,0,1,542
525,1,1,2,2,1-55,2597,B-C,R,56,157,11,2,2,13,241,565,1,0,2,0,1,565
531,1,1,2,2,1-57,2599,B-C,R,176,50,18,3,3,19,269,537,1,0,2,0,1,537
489,1,1,2,2,1-40,2581,B-C,R,80,261,16,6,4,18,385,661,1,0,2,0,1,661
610,1,1,2,2,1-11,2942,E,R,155,213,0,0,0,5,373,491,0,0,2,1,1,491
529,1,1,2,2,1-57,2598,B-C,R,182,175,18,3,3,22,403,675,1,0,2,0,1,675
5989,10,10,20,20,10-47,2647,B-C,U,147,177,2,2,2,7,337,444,0,0,2,0,0,444
6044,10,10,20,20,10-71,2805,B-C,U,119,178,2,0,0,20,319,570,1,0,2,0,0,570
6020,10,10,20,20,10-64,2796,B-C,U,159,184,11,2,2,9,367,518,1,0,2,0,0,518
5307,14,10,15,17,10-59,2771,B-C,U,79,215,14,4,5,20,337,606,1,0,2,0,0,606
5936,10,10,20,20,10-6,1871,B-C,U,85,152,20,0,2,9,268,438,0,0,2,0,0,438
5289,14,10,15,17,10-55,2761,B-C,R,192,160,27,3,2,10,394,644,1,0,2,0,1,644
6438,10,10,20,21,10-42,2338,B-C,R,51,284,15,6,2,22,380,695,1,0,2,0,1,695
6450,10,10,20,21,10-45,2346,B-C,R,41,91,9,4,0,17,162,378,0,0,2,0,1,378
6144,10,10,20,20,10-94,2987,B-C,R,95,88,15,6,2,18,224,508,1,0,2,0,1,508
5297,14,10,15,17,10-56,2765,B-C,R,186,119,8,4,3,9,329,560,1,0,2,0,1,560
6121,10,10,20,20,10-88,2973,B-C,R,138,102,51,9,5,26,331,405,0,0,2,0,1,405
3813,13,11,18,13,11-62,5,B-C,U,128,222,8,2,3,10,373,539,1,0,1,0,0,539
5329,7,11,10,18,11-98,573,B-C,U,221,195,8,6,0,15,445,664,0,0,1,0,0,664
5577,7,11,18,18,11-9,1993,B-C,U,135,107,11,3,1,5,262,486,0,0,1,0,0,486
5388,13,11,10,18,11-84,722,B-C,U,108,160,42,2,0,16,328,481,0,0,1,0,0,481
5430,7,11,18,18,11-41,1916,B-C,U,170,213,4,2,0,9,398,588,1,0,1,0,0,588
3809,13,11,18,13,11-66,3,B-C,M,153,307,13,5,3,14,495,733,1,0,1,0,0,733
5362,7,11,10,18,11-101,597,B-C,R,135,116,9,12,1,10,283,548,1,0,1,0,1,548
5491,7,11,18,18,11-47,1950,B-C,R,74,128,7,1,0,12,222,392,0,0,1,0,1,392
5357,7,11,10,18,11-105,594,B-C,R,219,138,15,38,7,17,434,680,1,0,1,0,1,680
5592,7,11,18,18,11-21,2002,B-C,R,182,106,6,4,0,7,305,541,1,0,1,0,1,541
3867,13,11,18,13,11-73,28,B-C,R,43,220,0,0,0,2,265,349,0,0,1,0,1,349
5358,7,11,10,18,11-105,594,B-C,R,174,190,14,47,0,22,447,679,1,0,1,0,1,679
5509,7,11,18,18,11-3,1962,B-C,R,58,240,16,5,1,19,339,569,1,0,1,0,1,569
5370,7,11,10,18,11-94,603,B-C,R,134,51,5,2,0,5,197,436,0,0,1,0,1,436
5585,7,11,18,18,11-30,1998,B-C,R,201,127,10,1,0,16,355,594,1,0,1,0,1,594
5644,13,11,18,19,11-55,919,B-C,R,130,260,18,4,0,6,418,731,1,0,1,0,1,731
3900,13,11,18,13,11-69,45,B-C,R,120,91,17,1,0,10,239,433,0,0,1,0,1,433
5342,7,11,10,18,11-100,581,B-C,R,98,99,2,3,0,3,205,319,0,0,1,0,1,319
5664,13,11,18,19,11-55,928,B-C,R,105,131,36,11,2,15,300,514,1,0,1,0,1,514
4835,12,12,15,16,12-12,456,B-C,U,160,288,37,6,6,6,503,710,1,0,2,0,0,710
4741,12,12,16,16,12-21,355,B-C,U,157,133,29,2,2,7,330,525,1,0,2,0,0,525
4919,2,12,16,16,12-74,519,B-C,U,128,176,49,11,10,23,397,725,1,0,2,0,0,725
4857,12,12,15,16,12-14,471,B-C,U,176,199,42,8,4,12,441,738,1,0,2,0,0,738
4854,12,12,15,16,12-14,471,B-C,U,175,209,30,9,8,19,450,739,1,0,2,0,0,739
4866,12,12,15,16,12-16,473,B-C,U,183,164,17,7,8,18,397,732,1,0,2,0,0,732
4975,12,12,15,16,12-82,559,B-C,M,66,165,5,2,4,4,246,453,0,0,2,0,0,453
4811,12,12,15,16,12-1,430,B-C,U,47,58,8,1,2,1,117,166,0,0,2,0,0,166
4701,12,12,16,16,12-25,341,B-C,U,186,144,18,3,5,16,372,662,1,0,2,0,0,662
4724,12,12,16,16,12-36,346,B-C,U,102,154,16,0,3,10,285,502,1,0,2,0,0,502
4925,2,12,16,16,12-74,521,B-C,U,125,127,20,6,1,9,288,529,1,0,2,0,0,529
4795,12,12,16,16,12-5,421,B-C,U,108,119,16,4,3,6,256,380,0,0,2,0,0,380
4550,2,12,16,15,12-58,498,B-C,R,153,219,13,10,1,14,410,614,1,0,2,0,1,614
4952,12,12,15,16,12-78,547,B-C,R,152,281,15,5,1,16,470,693,1,0,2,0,1,693
4953,12,12,15,16,12-78,547,B-C,R,108,298,17,1,4,10,438,693,1,0,2,0,1,693
5752,13,13,19,19,13-57,2832,B-C,U,83,250,33,1,2,20,389,562,1,0,2,0,0,562
4850,12,13,15,16,13-5,465,B-C,U,122,130,13,6,1,11,283,463,0,0,2,0,0,463
5726,13,13,19,19,13-57,2820,B-C,U,85,162,25,2,1,11,286,411,0,0,2,0,0,411
4492,12,13,15,15,13-4,450,B-C,U,222,249,29,8,4,12,524,689,1,0,2,0,0,689
6203,10,13,19,21,13-24,672,B-C,U,134,170,16,2,2,16,340,518,1,0,2,0,0,518
5723,13,13,19,19,13-56,2819,B-C,M,95,191,43,1,3,13,346,531,1,0,2,0,0,531
6196,10,13,19,21,13-23,669,B-C,U,106,186,23,2,3,8,328,537,1,0,2,0,0,537
4980,12,13,15,16,13-19,564,B-C,M,103,279,6,3,1,14,406,742,0,0,2,0,0,742
4871,12,13,15,16,13-10,483,B-C,U,167,217,12,3,2,10,411,651,1,0,2,0,0,651
5888,13,13,19,19,13-94,2882,B-C,U,34,105,99,2,1,17,258,524,1,0,2,0,0,524
5671,13,13,19,19,13-44,1182,B-C,U,183,224,19,1,8,15,450,639,1,0,2,0,0,639
5890,13,13,19,19,13-94,2882,B-C,U,60,206,83,2,0,12,363,523,1,0,2,0,0,523
5776,13,13,19,19,13-67,2841,B-C,U,40,145,94,4,6,25,314,592,1,0,2,0,0,592
5665,13,13,19,19,13-44,1178,B-C,M,171,186,19,4,7,11,398,554,1,0,2,0,0,554
5698,13,13,19,19,13-52,1194,B-C,U,104,141,6,4,1,6,262,436,0,0,2,0,0,436
4483,12,13,15,15,13-1,437,S,U,49,89,10,3,1,1,153,0,0,0,2,0,0,153
5700,13,13,19,19,13-52,1195,B-C,M,128,169,9,2,5,10,323,644,1,0,2,0,0,644
6182,10,13,19,21,13-20,663,B-C,U,114,141,30,4,2,7,298,413,0,0,2,0,0,413
6266,10,13,19,21,13-36,697,B-C,U,88,175,11,3,2,11,290,606,1,0,2,0,0,606
5759,13,13,19,19,13-63,2835,B-C,U,91,227,60,4,5,19,406,658,1,0,2,0,0,658
6226,10,13,19,21,13-30,683,B-C,U,158,231,28,5,2,13,437,649,1,0,2,0,0,649
5747,13,13,19,19,13-61,2829,B-C,U,98,214,62,2,3,18,397,662,1,0,2,0,0,662
5734,13,13,19,19,13-59,2824,B-C,U,58,172,73,4,4,18,329,559,1,0,2,0,0,559
5899,13,13,19,19,13-97,2886,B-C,M,25,64,46,4,0,0,139,375,1,0,2,0,0,375
5820,13,13,19,19,13-78,2858,B-C,R,29,56,65,3,4,12,169,436,0,0,2,0,1,436
5692,13,13,19,19,13-49,1191,B-C,R,158,244,11,3,0,12,428,678,1,0,2,0,1,678
4593,12,13,15,15,13-14,538,B-C,R,116,150,7,2,1,6,282,452,1,0,2,0,1,452
5894,13,13,19,19,13-96,2884,B-C,R,67,100,68,2,0,14,251,523,1,0,2,0,1,523
6298,10,13,19,21,13-42,716,B-C,R,82,176,11,0,0,15,284,537,1,0,2,0,1,537
5082,14,14,9,17,14-57,293,B-C,U,129,215,39,5,1,11,400,649,0,0,2,0,0,649
6674,14,14,22,22,14-86,1222,B-C,U,125,104,54,2,0,23,308,624,0,0,2,0,0,624
6736,14,14,22,22,14-102,2737,B-C,U,112,121,14,3,0,17,267,423,0,0,2,0,0,423
6616,14,14,22,22,14-34,136,B-C,M,40,174,77,4,3,19,317,604,1,0,2,0,0,604
6545,14,14,22,22,14-18,96,B-C,U,79,88,33,2,0,9,211,471,0,0,2,0,0,471
5066,14,14,9,17,14-54,288,B-C,U,214,198,18,5,1,19,455,715,1,0,2,0,0,715
6474,14,14,22,22,14-5,62,B-C,M,90,160,29,6,6,8,299,475,0,0,2,0,0,475
6548,14,14,22,22,14-20,97,B-C,U,78,78,47,3,1,10,217,486,0,0,2,0,0,486
6496,14,14,22,22,14-9,73,B-C,U,86,155,29,4,2,14,290,426,0,0,2,0,0,426
6485,14,14,22,22,14-8,67,B-C,U,78,169,34,4,1,18,304,578,1,0,2,0,0,578
6700,14,14,22,22,14-91,1241,B-C,R,90,99,46,3,3,28,269,601,1,0,2,0,1,601
6574,14,14,22,22,14-25,112,B-C,R,48,119,60,16,9,39,291,710,0,0,2,0,1,710
5139,14,14,9,17,14-68,319,B-C,R,129,209,17,2,3,34,394,658,1,0,2,0,1,658
6655,14,14,22,22,14-80,1209,B-C,R,123,78,85,1,0,23,310,482,0,0,2,0,1,482
5047,14,14,22,17,14-49,275,B-C,R,55,112,3,2,42,5,219,529,1,0,2,0,1,529
5034,14,14,22,17,14-47,267,B-C,R,81,34,1,1,61,12,190,350,0,0,2,0,1,350
335,2,2,2,2,2-75,2507,S,U,34,42,14,1,1,1,93,0,1,0,2,0,0,93
5174,2,2,17,17,2-54,611,B-C,U,116,192,16,2,5,7,338,549,1,0,2,0,0,549
381,2,2,2,2,2-80,2529,B-C,U,119,93,125,4,5,14,360,550,1,0,2,0,0,550
2543,2,2,9,9,2-8,147,B-C,U,157,140,14,6,131,20,468,527,1,0,2,0,0,527
551,1,2,2,2,2-88,2779,B-C,M,99,75,17,9,0,7,207,247,1,0,2,0,0,247
347,2,2,2,2,2-75,2513,B-C,U,172,148,67,9,2,6,404,637,1,0,2,0,0,637
2522,2,2,9,9,2-1,141,B-C,M,144,162,13,7,1,25,352,633,1,0,2,0,0,633
2531,2,2,9,9,2-3,143,B-C,U,184,253,20,13,6,18,494,735,1,0,2,0,0,735
5195,2,2,17,17,2-63,620,B-C,M,102,151,5,1,8,8,275,518,1,0,2,0,0,518
2619,2,2,9,9,2-33,177,B-C,R,143,282,5,2,3,14,449,704,1,0,2,0,1,704
2720,2,2,9,9,2-20,239,B-C,R,63,77,5,1,0,14,160,338,0,0,2,0,1,338
2681,2,2,9,9,2-41,214,E,R,187,63,16,3,2,17,288,551,1,0,2,1,1,551
5224,2,2,17,17,2-58,634,B-C,R,57,178,7,5,3,7,257,413,0,0,2,0,1,413
5206,2,2,17,17,2-53,626,B-C,R,80,83,7,2,1,12,185,385,0,0,2,0,1,385
1281,6,3,4,4,3-87,1505,B-C,U,123,136,3,1,0,19,282,549,1,0,1,0,0,549
1128,6,3,7,4,3-38,1349,B-C,U,207,238,9,5,4,14,477,676,1,0,1,0,0,676
991,3,3,3,4,3-16,1295,B-C,U,194,156,13,5,3,7,378,597,1,0,1,0,0,597
972,3,3,3,4,3-9,1286,B-C,U,183,228,11,0,3,18,443,619,1,0,1,0,0,619
1907,6,3,7,7,3-51,1387,B-C,U,167,186,13,2,0,11,379,512,1,0,1,0,0,512
1112,3,3,7,4,3-33,1340,B-C,U,178,210,4,2,1,10,405,659,1,0,1,0,0,659
934,3,3,4,4,3-5,1277,B-C,U,208,199,9,3,2,13,434,731,1,0,1,0,0,731
1161,6,3,4,4,3-55,1390,B-C,U,173,151,6,2,0,11,343,632,1,0,1,0,0,632
1067,6,3,4,4,3-28,1322,B-C,U,196,181,3,1,3,15,399,722,0,1,1,0,0,722
1004,3,3,4,4,3-21,1299,B-C,U,128,142,4,1,0,3,278,440,0,0,1,0,0,440
1156,6,3,7,4,3-43,1364,B-C,U,155,145,9,6,2,8,325,548,1,0,1,0,0,548
973,3,3,3,4,3-9,1286,B-C,U,218,215,8,4,2,7,454,619,1,0,1,0,0,619
1162,6,3,4,4,3-55,1390,B-C,U,185,194,6,7,2,0,394,632,1,0,1,0,0,632
970,3,3,4,4,3-14,1285,B-C,U,178,240,18,4,6,25,471,736,0,1,1,0,0,736
1231,3,3,4,4,3-80,1496,B-C,NA,150,124,5,4,1,5,289,746,0,1,1,0,0,746
1011,3,3,3,4,3-16,1302,B-C,U,143,127,4,4,2,8,288,529,1,0,1,0,0,529
1002,6,3,4,4,3-20,1298,B-C,U,199,173,16,4,1,15,408,744,1,0,1,0,0,744
969,3,3,4,4,3-14,1285,B-C,U,225,247,17,3,3,2,497,736,0,1,1,0,0,736
2317,4,4,8,8,4-66,878,B-C,M,198,208,22,2,6,14,450,748,0,1,1,0,0,748
3581,9,4,12,12,4-92,980,B-C,U,183,110,15,3,1,15,327,744,0,1,1,0,0,744
3772,9,4,11,12,4-108,1146,B-C,U,66,167,7,2,1,10,253,442,0,0,1,0,0,442
2358,4,4,8,8,4-80,899,E,M,189,142,34,6,2,29,402,680,1,0,1,1,0,680
2288,4,4,8,8,4-61,872,B-C,U,252,136,28,6,3,17,442,665,1,0,1,0,0,665
3583,9,4,12,12,4-93,980,B-C,U,198,112,12,7,1,13,343,744,0,1,1,0,0,744
2339,4,4,8,8,4-48,891,B-C,R,62,94,21,5,0,6,188,301,0,0,1,0,1,301
61,1,4,1,1,4-25,797,B-C,R,134,181,9,2,0,11,337,556,1,0,1,0,1,556
26,1,4,1,1,4-15,777,B-C,R,75,116,12,8,0,24,235,573,1,0,1,0,1,573
2802,1,4,8,9,4-35,809,E,R,98,250,9,13,3,23,396,680,1,0,1,1,1,680
748,3,5,7,3,5-25,1709,B-C,U,218,221,6,5,3,15,468,724,1,0,1,0,0,724
816,5,5,5,3,5-55,1741,B-C,U,186,144,7,4,3,6,350,649,1,0,1,0,0,649
825,5,5,7,3,5-36,1746,B-C,U,129,157,5,4,2,5,302,475,0,0,1,0,0,475
1378,5,5,5,5,5-50,1494,B-C,M,190,159,3,0,1,13,366,683,0,1,1,0,0,683
1482,5,5,6,5,5-42,1817,B-C,U,173,162,6,2,1,16,360,566,1,0,1,0,0,566
1463,5,5,5,5,5-76,1809,B-C,U,213,200,10,1,6,13,443,730,1,0,1,0,0,730
727,3,5,3,3,5-19,1698,B-C,U,178,198,11,3,3,6,399,522,1,0,1,0,0,522
1503,5,5,6,5,5-41,1830,B-C,U,123,155,1,1,1,7,288,450,0,0,1,0,0,450
1448,5,5,7,5,5-45,1801,B-C,U,101,123,5,3,1,6,239,376,0,0,1,0,0,376
1380,5,5,5,5,5-50,1494,B-C,M,232,138,3,2,0,3,378,683,0,1,1,0,0,683
841,5,5,5,3,5-63,1752,B-C,U,172,213,5,5,3,11,409,643,1,0,1,0,0,643
1486,5,5,7,5,5-41,1820,B-C,U,212,165,8,1,2,6,394,629,0,0,1,0,0,629
1338,3,5,3,5,5-86,1477,B-C,M,191,181,10,5,2,8,397,734,0,1,1,0,0,734
818,5,5,5,3,5-56,1742,B-C,U,160,174,4,2,2,8,350,578,1,0,1,0,0,578
1502,5,5,6,5,5-41,1830,B-C,U,155,152,9,5,1,6,328,450,0,0,1,0,0,450
1450,5,5,7,5,5-60,1802,B-C,U,210,212,7,4,1,4,438,624,1,0,1,0,0,624
2095,11,6,21,7,6-32,1641,B-C,U,174,170,8,1,0,17,370,709,1,0,1,0,0,709
1322,5,6,5,5,6-84,1466,B-C,U,207,230,9,1,2,14,463,636,0,0,1,0,0,636
1552,5,6,6,5,6-80,1853,B-C,U,136,209,5,5,1,10,366,523,1,0,1,0,0,523
1618,5,6,7,6,6-64,1463,B-C,U,210,218,17,8,4,0,457,695,0,0,1,0,0,695
2146,11,6,21,7,6-21,1647,B-C,U,210,145,9,0,1,8,373,737,0,1,1,0,0,737
1677,11,6,21,6,6-44,1558,B-C,U,180,141,11,2,0,14,348,533,1,0,1,0,0,533
1641,11,6,6,6,6-60,1537,B-C,U,133,224,10,4,2,13,386,599,1,0,1,0,0,599
2026,11,6,21,7,6-36,1585,B-C,U,163,216,11,7,2,13,412,679,1,0,1,0,0,679
1812,11,6,6,6,6-53,1637,B-C,U,205,139,6,4,5,12,371,611,1,0,1,0,0,611
2047,11,6,21,7,6-33,1631,B-C,U,201,139,7,6,1,13,367,672,1,0,1,0,0,672
1997,6,6,7,7,6-55,1518,S,U,34,46,3,2,1,7,93,0,1,0,1,0,0,93
1814,11,6,6,6,6-53,1638,B-C,U,198,81,4,3,1,7,294,495,0,0,1,0,0,495
1777,11,6,21,6,6-45,1614,B-C,U,208,224,10,3,5,5,455,726,0,1,1,0,0,726
2129,11,6,6,7,6-18,1644,B-C,U,198,180,10,0,2,8,398,724,1,0,1,0,0,724
2041,11,6,21,7,6-31,1620,B-C,U,194,171,4,2,2,10,383,684,0,1,1,0,0,684
2078,11,6,21,7,6-35,1634,B-C,U,215,258,14,4,0,12,503,749,0,1,1,0,0,749
1828,11,6,6,6,6-14,1651,B-C,M,215,143,11,5,4,14,392,706,1,0,1,0,0,706
2060,6,6,4,7,6-30,1632,B-C,NA,191,213,8,2,1,0,415,743,0,1,1,0,0,743
1720,11,6,6,6,6-50,1591,B-C,U,179,142,7,5,0,7,340,578,1,0,1,0,0,578
1663,5,6,6,6,6-66,1550,B-C,U,224,168,21,4,2,0,419,711,0,0,1,0,0,711
1698,5,6,6,6,6-76,1574,B-C,U,156,189,6,0,1,2,354,559,1,0,1,0,0,559
1647,6,6,6,6,6-65,1540,B-C,U,101,130,8,2,3,8,252,422,0,0,1,0,0,422
1667,11,6,6,6,6-61,1553,B-C,U,143,203,15,0,0,9,370,620,1,0,1,0,0,620
1704,11,6,6,6,6-67,1578,B-C,U,221,203,11,3,3,10,451,727,0,0,1,0,0,727
2139,11,6,6,7,6-19,1646,B-C,U,187,155,3,2,4,9,360,643,1,0,1,0,0,643
2158,11,6,6,7,6-6,1653,B-C,R,128,193,9,8,0,9,347,724,1,0,1,0,1,724
2454,9,7,13,8,7-69,2681,B-C,U,162,210,11,9,3,13,408,675,1,0,1,0,0,675
2409,9,7,13,8,7-63,2656,B-C,U,156,183,16,8,0,7,370,628,1,0,1,0,0,628
2856,7,7,10,10,7-5,2042,B-C,U,131,300,4,1,0,9,445,688,0,1,1,0,0,688
3140,9,7,13,10,7-68,2686,B-C,U,166,137,6,3,0,5,317,582,1,0,1,0,0,582
3057,7,7,10,10,7-44,2477,B-C,U,113,283,4,0,2,5,407,702,0,1,1,0,0,702
2868,7,7,10,10,7-8,2044,B-C,M,85,274,3,1,2,15,380,643,1,0,1,0,0,643
3150,9,7,13,10,7-84,2700,B-C,U,145,175,8,0,0,12,340,564,1,0,1,0,0,564
3007,7,7,10,10,7-35,2459,B-C,U,124,212,1,0,1,5,343,473,0,0,1,0,0,473
2424,9,7,13,8,7-61,2661,B-C,U,128,103,8,2,0,6,247,446,0,0,1,0,0,446
3129,9,7,13,10,7-66,2677,B-C,U,109,115,15,0,0,0,239,521,1,0,1,0,0,521
3050,7,7,10,10,7-39,2475,B-C,U,169,261,13,3,1,6,453,700,1,0,1,0,0,700
2489,9,7,13,8,7-81,2698,E,R,166,210,9,4,0,10,399,597,1,0,1,1,1,597
2937,13,7,13,10,7-22,2078,B-C,R,104,64,25,1,1,15,210,365,0,0,1,0,1,365
3157,9,7,13,10,7-83,2708,B-C,R,73,24,7,0,3,4,111,205,0,0,1,0,1,205
2513,9,7,13,8,7-96,2721,B-C,R,382,128,4,1,0,4,519,400,1,0,1,0,1,400
2947,13,7,13,10,7-31,2086,B-C,R,186,228,63,0,3,16,496,556,1,0,1,0,1,556
2514,9,7,13,8,7-96,2721,E,R,117,179,9,3,2,12,322,523,1,0,1,1,1,523
3188,9,7,13,10,7-91,2726,B-C,R,131,95,10,3,1,7,247,395,1,0,1,0,1,395
2510,9,7,13,8,7-100,2713,B-C,R,259,82,14,2,0,9,366,683,0,0,1,0,1,683
2895,7,7,10,10,7-14,2057,B-C,R,87,111,4,0,0,14,216,376,0,0,1,0,1,376
2508,9,7,13,8,7-100,2712,B-C,R,288,90,12,6,0,13,409,683,1,0,1,0,1,683
4195,8,8,14,14,8-89,2171,B-C,U,171,151,19,9,2,0,352,502,1,0,2,0,0,502
4022,8,8,14,13,8-93,2196,B-C,U,138,129,11,5,5,6,294,434,0,0,2,0,0,434
3976,8,8,14,13,8-95,2181,B-C,U,163,193,18,7,3,11,395,646,1,0,2,0,0,646
4140,8,8,14,14,8-75,2128,B-C,U,201,263,25,32,2,13,536,689,0,0,2,0,0,689
4640,8,8,17,15,8-6,2921,B-C,M,145,256,9,2,1,16,429,586,1,0,2,0,0,586
3982,8,8,14,13,8-92,2184,B-C,U,159,183,17,2,4,13,378,648,1,0,2,0,0,648
3946,8,8,14,13,8-72,2164,B-C,U,169,199,21,11,4,7,411,600,1,0,2,0,0,600
4011,8,8,14,13,8-97,2193,B-C,U,173,181,15,8,2,15,394,702,0,1,2,0,0,702
3958,8,8,14,13,8-90,2177,B-C,U,167,200,21,9,5,0,402,691,1,0,2,0,0,691
4341,8,8,17,14,8-24,2637,B-C,U,150,222,5,1,1,6,385,629,1,0,2,0,0,629
4663,8,8,17,15,8-17,2930,B-C,U,120,200,8,2,5,13,348,576,1,0,2,0,0,576
3993,8,8,14,13,8-94,2187,B-C,U,167,163,12,7,6,16,371,617,1,0,2,0,0,617
3964,8,8,14,13,8-70,2179,B-C,U,184,192,19,7,6,17,425,715,1,0,2,0,0,715
4046,8,8,14,13,8-103,2236,B-C,R,105,188,9,5,4,19,330,604,1,0,2,0,1,604
4248,8,8,14,14,8-48,2225,B-C,R,87,295,20,7,5,16,430,733,1,0,2,0,1,733
4093,8,8,14,13,8-64,2260,B-C,R,199,156,17,2,2,11,387,641,1,0,2,0,1,641
4668,8,8,17,15,8-7,2933,B-C,R,110,227,12,3,1,16,369,574,1,0,2,0,1,574
4356,8,8,17,14,8-22,2643,B-C,R,74,272,8,1,0,13,368,576,1,0,2,0,1,576
4253,8,8,14,14,8-49,2227,B-C,R,135,160,8,3,1,11,318,527,1,0,2,0,1,527
4080,8,8,14,13,8-54,2253,B-C,R,90,192,7,1,0,12,302,520,1,0,2,0,1,520
4084,8,8,14,13,8-55,2254,B-C,R,79,190,22,1,1,23,316,582,1,0,2,0,1,582
4322,8,8,17,14,8-20,2630,B-C,R,178,145,18,3,2,10,356,588,1,0,2,0,1,588
4352,8,8,17,14,8-33,2641,B-C,R,48,193,59,1,4,15,320,483,0,0,2,0,1,483
3409,15,9,12,11,9-54,1104,B-C,U,140,134,4,2,3,10,293,556,1,0,1,0,0,556
3651,15,9,12,12,9-74,1044,B-C,U,151,149,14,5,3,0,322,489,0,0,1,0,0,489
3403,15,9,12,11,9-52,1102,B-C,U,160,133,11,5,4,22,335,691,1,0,1,0,0,691
3255,15,9,11,11,9-35,975,B-C,U,182,182,10,3,4,13,394,749,1,0,1,0,0,749
3418,15,9,12,11,9-50,1107,B-C,U,181,102,11,17,4,12,327,623,1,0,1,0,0,623
3297,15,9,11,11,9-45,1036,B-C,U,152,159,13,9,3,16,352,601,1,0,1,0,0,601
3294,15,9,12,11,9-66,1035,B-C,U,188,146,22,6,3,11,376,591,1,0,1,0,0,591
3690,15,9,12,12,9-79,1072,B-C,U,185,136,17,2,2,11,353,574,1,0,1,0,0,574
3229,15,9,11,11,9-33,956,B-C,U,129,162,4,1,3,8,307,468,0,0,1,0,0,468
3600,15,9,12,12,9-42,989,B-C,U,96,158,10,1,3,7,275,417,0,0,1,0,0,417
3277,15,9,12,11,9-58,1010,B-C,U,147,150,10,4,1,1,313,477,0,0,1,0,0,477
3214,9,9,11,11,9-30,943,B-C,U,109,249,11,2,8,13,392,603,1,0,1,0,0,603
3275,15,9,12,11,9-58,1009,B-C,U,136,163,4,1,5,10,319,490,0,0,1,0,0,490
3243,15,9,11,11,9-33,960,B-C,U,187,236,8,2,3,11,447,701,1,0,1,0,0,701
3226,15,9,11,11,9-36,954,B-C,U,93,184,5,2,2,2,288,415,0,0,1,0,0,415
3375,15,9,12,11,9-55,1091,B-C,U,209,132,16,0,0,9,366,679,1,0,1,0,0,679
3656,15,9,12,12,9-75,1046,B-C,U,155,133,10,4,3,7,312,494,0,0,1,0,0,494
3233,15,9,11,11,9-34,957,B-C,U,115,130,12,3,1,11,272,501,1,0,1,0,0,501
3701,15,9,12,12,9-83,1094,B-C,U,197,213,14,3,1,7,435,679,1,0,1,0,0,679
3431,9,9,11,11,9-4,1123,B-C,R,61,120,16,0,2,13,212,529,1,0,1,0,1,529
