casilla_id,distrito_fed_17,distrito_fed_12,distrito_loc_17,distrito_loc_12,are,seccion,casilla,tipo_seccion,pri_pvem,pan_na,prd,pt,mc,otros,total,ln,tamano_md,tamano_gd,region,casilla_ex,rural,ln_total
1332,3,5,3,5,5-87,1477,B-C,M,204,191,9,2,3,7,416,733,0,1,1,0,0,733
3814,13,11,18,13,11-62,5,B-C,U,128,231,6,2,1,9,377,538,1,0,1,0,0,538
6482,14,14,22,22,14-8,66,B-C,U,95,110,22,2,4,10,243,389,0,0,2,0,0,389
2294,4,4,8,8,4-55,874,B-C,U,206,229,18,5,4,10,472,665,1,0,1,0,0,665
4446,12,12,15,15,12-53,410,B-C,U,123,146,12,2,2,7,292,429,0,0,2,0,0,429
5890,13,13,19,19,13-94,2882,B-C,U,60,206,83,2,0,12,363,523,1,0,2,0,0,523
2644,2,2,9,9,2-2,191,B-C,R,42,162,5,2,0,0,211,422,0,0,2,0,1,422
2339,4,4,8,8,4-48,891,B-C,R,62,94,21,5,0,6,188,301,0,0,1,0,1,301
1897,6,3,7,7,3-50,1382,B-C,U,153,121,4,0,0,15,293,497,0,0,1,0,0,497
2623,2,2,9,9,2-32,180,B-C,R,125,148,12,5,0,0,290,621,1,0,2,0,1,621
3277,15,9,12,11,9-58,1010,B-C,U,147,150,10,4,1,1,313,477,0,0,1,0,0,477
4888,2,12,16,16,12-68,501,B-C,U,111,265,16,6,10,12,420,681,1,0,2,0,0,681
2504,9,7,13,8,7-99,2707,B-C,R,157,81,4,2,0,7,251,410,0,0,1,0,1,410
917,3,3,3,4,3-2,1272,B-C,U,155,169,7,2,3,8,344,539,1,0,1,0,0,539
1041,3,3,4,4,3-23,1310,B-C,U,212,146,7,2,2,11,380,651,1,0,1,0,0,651
5752,13,13,19,19,13-57,2832,B-C,U,83,250,33,1,2,20,389,562,1,0,2,0,0,562
3497,15,9,11,11,9-12,1171,B-C,R,93,126,29,4,0,13,265,416,0,0,1,0,1,416
2158,11,6,6,7,6-6,1653,B-C,R,128,193,9,8,0,9,347,724,1,0,1,0,1,724
4609,8,8,17,15,8-18,2908,B-C,M,118,307,18,16,2,13,474,707,1,0,2,0,0,707
6044,10,10,20,20,10-71,2805,B-C,U,119,178,2,0,0,20,319,570,1,0,2,0,0,570
3946,8,8,14,13,8-72,2164,B-C,U,169,199,21,11,4,7,411,600,1,0,2,0,0,600
6196,10,13,19,21,13-23,669,B-C,U,106,186,23,2,3,8,328,537,1,0,2,0,0,537
1997,6,6,7,7,6-55,1518,S,U,34,46,3,2,1,7,93,0,1,0,1,0,0,93
5342,7,11,10,18,11-100,581,B-C,R,98,99,2,3,0,3,205,319,0,0,1,0,1,319
6226,10,13,19,21,13-30,683,B-C,U,158,231,28,5,2,13,437,649,1,0,2,0,0,649
780,5,5,7,3,5-37,1725,B-C,U,128,197,9,2,2,5,343,492,0,0,1,0,0,492
1151,6,3,7,4,3-44,1362,B-C,U,195,174,9,2,2,16,398,663,1,0,1,0,0,663
4919,2,12,16,16,12-74,519,B-C,U,128,176,49,11,10,23,397,725,1,0,2,0,0,725
4820,12,12,15,16,12-11,444,S,U,26,44,10,2,0,5,87,0,0,0,2,0,0,87
4958,12,13,15,16,13-17,551,B-C,U,83,182,2,0,0,9,276,593,1,0,2,0,0,593
1698,5,6,6,6,6-76,1574,B-C,U,156,189,6,0,1,2,354,559,1,0,1,0,0,559
2041,11,6,21,7,6-31,1620,B-C,U,194,171,4,2,2,10,383,684,0,1,1,0,0,684
1111,3,3,7,4,3-33,1340,B-C,U,161,227,3,1,3,4,399,660,1,0,1,0,0,660
5362,7,11,10,18,11-101,597,B-C,R,135,116,9,12,1,10,283,548,1,0,1,0,1,548
3063,7,7,10,10,7-45,2478,B-C,U,157,250,4,2,1,2,416,662,1,0,1,0,0,662
5926,10,10,20,20,10-3,1866,B-C,U,76,151,21,4,7,5,264,403,0,0,2,0,0,403
79,4,1,1,1,1-100,1895,B-C,U,152,236,17,1,0,10,416,628,1,0,1,0,0,628
2745,1,4,8,9,4-12,766,B-C,U,177,136,10,9,1,17,350,596,1,0,1,0,0,596
2129,11,6,6,7,6-18,1644,B-C,U,198,180,10,0,2,8,398,724,1,0,1,0,0,724
1907,6,3,7,7,3-51,1387,B-C,U,167,186,13,2,0,11,379,512,1,0,1,0,0,512
5803,13,13,19,19,13-73,2850,E,R,24,51,27,2,1,13,118,309,1,0,2,1,1,309
2833,7,7,10,10,7-2,2035,B-C,U,132,378,6,5,1,9,531,747,1,0,1,0,0,747
1814,11,6,6,6,6-53,1638,B-C,U,198,81,4,3,1,7,294,495,0,0,1,0,0,495
3152,9,7,13,10,7-85,2701,B-C,R,352,122,0,0,0,0,474,408,0,0,1,0,1,408
6121,10,10,20,20,10-88,2973,B-C,R,138,102,51,9,5,26,331,405,0,0,2,0,1,405
4663,8,8,17,15,8-17,2930,B-C,U,120,200,8,2,5,13,348,576,1,0,2,0,0,576
5170,2,2,17,17,2-54,610,B-C,U,87,188,10,0,3,8,296,539,1,0,2,0,0,539
1162,6,3,4,4,3-55,1390,B-C,U,185,194,6,7,2,0,394,632,1,0,1,0,0,632
278,4,1,1,1,1-91,2439,B-C,R,106,205,6,2,3,8,330,531,1,0,1,0,1,531
1960,6,3,7,7,3-60,1430,B-C,U,126,226,10,4,3,11,380,596,0,0,1,0,0,596
2424,9,7,13,8,7-61,2661,B-C,U,128,103,8,2,0,6,247,446,0,0,1,0,0,446
674,3,5,3,3,5-8,1679,B-C,U,141,228,11,3,1,8,392,530,1,0,1,0,0,530
1984,6,3,21,7,3-65,1451,B-C,U,222,218,11,2,2,13,468,706,1,0,1,0,0,706
6456,14,14,22,22,14-2,52,B-C,U,75,88,40,10,2,10,225,386,0,0,2,0,0,386
3804,13,11,18,13,11-61,1,B-C,M,158,319,13,0,1,16,507,723,1,0,1,0,0,723
818,5,5,5,3,5-56,1742,B-C,U,160,174,4,2,2,8,350,578,1,0,1,0,0,578
1171,20,3,21,4,3-69,1392,B-C,NA,165,258,12,1,3,13,452,733,0,1,1,0,0,733
1720,11,6,6,6,6-50,1591,B-C,U,179,142,7,5,0,7,340,578,1,0,1,0,0,578
4080,8,8,14,13,8-54,2253,B-C,R,90,192,7,1,0,12,302,520,1,0,2,0,1,520
4707,12,12,16,16,12-25,341,B-C,U,149,158,19,9,3,7,345,661,1,0,2,0,0,661
3600,15,9,12,12,9-42,989,B-C,U,96,158,10,1,3,7,275,417,0,0,1,0,0,417
3431,9,9,11,11,9-4,1123,B-C,R,61,120,16,0,2,13,212,529,1,0,1,0,1,529
1024,3,3,4,4,3-21,1306,B-C,U,221,202,9,1,1,7,441,709,1,0,1,0,0,709
6126,10,10,20,20,10-89,2976,B-C,U,174,184,11,4,0,8,381,447,0,0,2,0,0,447
6418,10,10,20,21,10-39,2328,B-C,U,90,221,13,4,3,14,345,656,1,0,2,0,0,656
721,3,5,3,3,5-13,1696,B-C,U,151,184,7,4,0,13,359,571,1,0,1,0,0,571
172,4,1,1,1,1-86,2382,B-C,U,168,108,20,2,3,11,312,506,1,0,1,0,0,506
3418,15,9,12,11,9-50,1107,B-C,U,181,102,11,17,4,12,327,623,1,0,1,0,0,623
3701,15,9,12,12,9-83,1094,B-C,U,197,213,14,3,1,7,435,679,1,0,1,0,0,679
3611,15,4,12,12,4-95,998,B-C,U,159,72,11,2,0,9,253,468,0,0,1,0,0,468
5224,2,2,17,17,2-58,634,B-C,R,57,178,7,5,3,7,257,413,0,0,2,0,1,413
3229,15,9,11,11,9-33,956,B-C,U,129,162,4,1,3,8,307,468,0,0,1,0,0,468
4384,12,12,16,15,12-34,360,B-C,U,124,202,19,4,6,17,372,613,1,0,2,0,0,613
5580,7,11,18,18,11-10,1995,B-C,U,65,101,13,0,1,8,188,416,0,0,1,0,0,416
5547,7,11,18,18,11-5,1978,B-C,R,58,124,5,0,1,7,195,334,0,0,1,0,1,334
4837,12,12,15,16,12-17,457,B-C,U,129,135,26,5,2,4,301,460,0,0,2,0,0,460
4953,12,12,15,16,12-78,547,B-C,R,108,298,17,1,4,10,438,693,1,0,2,0,1,693
2765,1,4,8,9,4-6,773,B-C,U,164,214,12,1,7,16,414,653,1,0,1,0,0,653
727,3,5,3,3,5-19,1698,B-C,U,178,198,11,3,3,6,399,522,1,0,1,0,0,522
2373,4,4,8,8,4-82,906,B-C,R,156,155,23,3,1,13,351,711,0,0,1,0,1,711
1777,11,6,21,6,6-45,1614,B-C,U,208,224,10,3,5,5,455,726,0,1,1,0,0,726
2026,11,6,21,7,6-36,1585,B-C,U,163,216,11,7,2,13,412,679,1,0,1,0,0,679
991,3,3,3,4,3-16,1295,B-C,U,194,156,13,5,3,7,378,597,1,0,1,0,0,597
5082,14,14,9,17,14-57,293,B-C,U,129,215,39,5,1,11,400,649,0,0,2,0,0,649
457,1,1,2,2,1-51,2560,B-C,U,166,130,20,6,0,19,341,584,1,0,2,0,0,584
2800,1,4,8,9,4-35,809,B-C,R,87,240,5,4,5,15,356,643,1,0,1,0,1,643
5559,7,11,18,18,11-19,1984,B-C,R,172,56,7,2,1,9,247,454,0,0,1,0,1,454
5989,10,10,20,20,10-47,2647,B-C,U,147,177,2,2,2,7,337,444,0,0,2,0,0,444
6020,10,10,20,20,10-64,2796,B-C,U,159,184,11,2,2,9,367,518,1,0,2,0,0,518
6361,10,10,20,21,10-26,2295,B-C,M,46,121,14,6,0,9,196,451,0,0,2,0,0,451
1450,5,5,7,5,5-60,1802,B-C,U,210,212,7,4,1,4,438,624,1,0,1,0,0,624
6451,14,14,22,22,14-1,51,B-C,M,99,172,56,1,7,17,352,659,1,0,2,0,0,659
1812,11,6,6,6,6-53,1637,B-C,U,205,139,6,4,5,12,371,611,1,0,1,0,0,611
3275,15,9,12,11,9-58,1009,B-C,U,136,163,4,1,5,10,319,490,0,0,1,0,0,490
4347,8,8,17,14,8-32,2639,B-C,U,85,249,35,3,3,13,388,591,1,0,2,0,0,591
3223,15,9,11,11,9-32,947,B-C,U,126,201,11,3,4,7,352,576,1,0,1,0,0,576
4248,8,8,14,14,8-48,2225,B-C,R,87,295,20,7,5,16,430,733,1,0,2,0,1,733
610,1,1,2,2,1-11,2942,E,R,155,213,0,0,0,5,373,491,0,0,2,1,1,491
4975,12,12,15,16,12-82,559,B-C,M,66,165,5,2,4,4,246,453,0,0,2,0,0,453
3596,15,9,12,12,9-41,984,B-C,U,212,179,17,6,7,22,443,741,0,0,1,0,0,741
5509,7,11,18,18,11-3,1962,B-C,R,58,240,16,5,1,19,339,569,1,0,1,0,1,569
177,4,1,1,1,1-88,2384,B-C,U,167,114,13,2,1,5,302,438,0,0,1,0,0,438
594,1,1,2,2,1-20,2905,B-C,R,126,206,52,2,1,10,397,542,1,0,2,0,1,542
3810,13,11,18,13,11-66,3,B-C,M,158,288,11,1,2,21,481,733,1,0,1,0,0,733
5665,13,13,19,19,13-44,1178,B-C,M,171,186,19,4,7,11,398,554,1,0,2,0,0,554
752,3,5,3,3,5-46,1711,B-C,U,207,265,13,0,2,12,499,632,1,0,1,0,0,632
970,3,3,4,4,3-14,1285,B-C,U,178,240,18,4,6,25,471,736,0,1,1,0,0,736
6542,14,14,22,22,14-19,94,B-C,U,68,88,29,4,1,13,203,430,0,0,2,0,0,430
1663,5,6,6,6,6-66,1550,B-C,U,224,168,21,4,2,0,419,711,0,0,1,0,0,711
6648,14,14,22,22,14-78,1205,B-C,U,106,155,88,3,1,15,368,603,1,0,2,0,0,603
283,4,1,1,1,1-90,2441,B-C,R,66,147,15,4,1,14,247,526,1,0,1,0,1,526
1618,5,6,7,6,6-64,1463,B-C,U,210,218,17,8,4,0,457,695,0,0,1,0,0,695
5894,13,13,19,19,13-96,2884,B-C,R,67,100,68,2,0,14,251,523,1,0,2,0,1,523
6000,10,10,20,20,10-62,2790,B-C,U,176,196,7,4,1,12,396,673,1,0,2,0,0,673
4046,8,8,14,13,8-103,2236,B-C,R,105,188,9,5,4,19,330,604,1,0,2,0,1,604
3982,8,8,14,13,8-92,2184,B-C,U,159,183,17,2,4,13,378,648,1,0,2,0,0,648
1641,11,6,6,6,6-60,1537,B-C,U,133,224,10,4,2,13,386,599,1,0,1,0,0,599
1486,5,5,7,5,5-41,1820,B-C,U,212,165,8,1,2,6,394,629,0,0,1,0,0,629
2139,11,6,6,7,6-19,1646,B-C,U,187,155,3,2,4,9,360,643,1,0,1,0,0,643
1503,5,5,6,5,5-41,1830,B-C,U,123,155,1,1,1,7,288,450,0,0,1,0,0,450
4835,12,12,15,16,12-12,456,B-C,U,160,288,37,6,6,6,503,710,1,0,2,0,0,710
3214,9,9,11,11,9-30,943,B-C,U,109,249,11,2,8,13,392,603,1,0,1,0,0,603
1592,5,5,5,5,5-82,3018,B-C,U,129,129,6,1,2,13,280,423,0,0,1,0,0,423
973,3,3,3,4,3-9,1286,B-C,U,218,215,8,4,2,7,454,619,1,0,1,0,0,619
4741,12,12,16,16,12-21,355,B-C,U,157,133,29,2,2,7,330,525,1,0,2,0,0,525
3690,15,9,12,12,9-79,1072,B-C,U,185,136,17,2,2,11,353,574,1,0,1,0,0,574
2730,1,4,1,9,4-7,760,B-C,U,203,200,10,4,5,11,433,716,1,0,1,0,0,716
3964,8,8,14,13,8-70,2179,B-C,U,184,192,19,7,6,17,425,715,1,0,2,0,0,715
825,5,5,7,3,5-36,1746,B-C,U,129,157,5,4,2,5,302,475,0,0,1,0,0,475
4356,8,8,17,14,8-22,2643,B-C,R,74,272,8,1,0,13,368,576,1,0,2,0,1,576
4357,8,8,17,14,8-22,2643,B-C,R,101,266,14,1,2,3,387,576,1,0,2,0,1,576
1281,6,3,4,4,3-87,1505,B-C,U,123,136,3,1,0,19,282,549,1,0,1,0,0,549
2720,2,2,9,9,2-20,239,B-C,R,63,77,5,1,0,14,160,338,0,0,2,0,1,338
2681,2,2,9,9,2-41,214,E,R,187,63,16,3,2,17,288,551,1,0,2,1,1,551
6394,10,10,20,21,10-32,2315,B-C,U,92,320,6,3,1,10,432,714,1,0,2,0,0,714
2489,9,7,13,8,7-81,2698,E,R,166,210,9,4,0,10,399,597,1,0,1,1,1,597
5047,14,14,22,17,14-49,275,B-C,R,55,112,3,2,42,5,219,529,1,0,2,0,1,529
5491,7,11,18,18,11-47,1950,B-C,R,74,128,7,1,0,12,222,392,0,0,1,0,1,392
3050,7,7,10,10,7-39,2475,B-C,U,169,261,13,3,1,6,453,700,1,0,1,0,0,700
779,5,5,5,3,5-37,1724,B-C,U,198,121,10,5,1,6,341,514,1,0,1,0,0,514
489,1,1,2,2,1-40,2581,B-C,R,80,261,16,6,4,18,385,661,1,0,2,0,1,661
5455,7,11,18,18,11-39,1928,B-C,U,195,160,5,0,0,11,371,568,1,0,1,0,0,568
3867,13,11,18,13,11-73,28,B-C,R,43,220,0,0,0,2,265,349,0,0,1,0,1,349
2619,2,2,9,9,2-33,177,B-C,R,143,282,5,2,3,14,449,704,1,0,2,0,1,704
5726,13,13,19,19,13-57,2820,B-C,U,85,162,25,2,1,11,286,411,0,0,2,0,0,411
597,1,1,2,2,1-14,2935,B-C,M,180,213,9,0,0,11,413,554,1,0,2,0,0,554
5468,7,11,18,18,11-50,1934,B-C,R,91,42,1,1,0,0,135,245,0,0,1,0,1,245
4980,12,13,15,16,13-19,564,B-C,M,103,279,6,3,1,14,406,742,0,0,2,0,0,742
5776,13,13,19,19,13-67,2841,B-C,U,40,145,94,4,6,25,314,592,1,0,2,0,0,592
519,1,1,2,2,1-54,2594,B-C,R,94,141,6,10,2,19,272,395,0,0,2,0,1,395
1067,6,3,4,4,3-28,1322,B-C,U,196,181,3,1,3,15,399,722,0,1,1,0,0,722
61,1,4,1,1,4-25,797,B-C,R,134,181,9,2,0,11,337,556,1,0,1,0,1,556
5163,14,14,9,17,14-73,329,B-C,U,68,177,12,7,1,13,278,468,0,0,2,0,0,468
2395,4,4,8,8,4-86,914,B-C,R,99,167,3,0,0,8,277,575,1,0,1,0,1,575
2868,7,7,10,10,7-8,2044,B-C,M,85,274,3,1,2,15,380,643,1,0,1,0,0,643
6403,10,10,20,21,10-35,2320,B-C,U,57,198,24,1,2,13,295,522,1,0,2,0,0,522
3457,9,9,11,11,9-9,1151,B-C,M,118,160,10,2,2,6,298,538,1,0,1,0,0,538
4195,8,8,14,14,8-89,2171,B-C,U,171,151,19,9,2,0,352,502,1,0,2,0,0,502
470,1,1,2,2,1-33,2570,B-C,R,38,36,3,2,2,16,97,172,0,0,2,0,1,172
2397,4,4,8,8,4-64,915,B-C,U,190,180,27,2,3,11,413,636,1,0,1,0,0,636
1448,5,5,7,5,5-45,1801,B-C,U,101,123,5,3,1,6,239,376,0,0,1,0,0,376
26,1,4,1,1,4-15,777,B-C,R,75,116,12,8,0,24,235,573,1,0,1,0,1,573
5174,2,2,17,17,2-54,611,B-C,U,116,192,16,2,5,7,338,549,1,0,2,0,0,549
5971,10,10,20,20,10-10,1886,B-C,U,90,219,20,2,8,6,345,522,1,0,2,0,0,522
6491,14,14,22,22,14-6,70,B-C,U,73,128,35,9,2,13,260,535,1,0,2,0,0,535
6298,10,13,19,21,13-42,716,B-C,R,82,176,11,0,0,15,284,537,1,0,2,0,1,537
4871,12,13,15,16,13-10,483,B-C,U,167,217,12,3,2,10,411,651,1,0,2,0,0,651
2543,2,2,9,9,2-8,147,B-C,U,157,140,14,6,131,20,468,527,1,0,2,0,0,527
4550,2,12,16,15,12-58,498,B-C,R,153,219,13,10,1,14,410,614,1,0,2,0,1,614
972,3,3,3,4,3-9,1286,B-C,U,183,228,11,0,3,18,443,619,1,0,1,0,0,619
4140,8,8,14,14,8-75,2128,B-C,U,201,263,25,32,2,13,536,689,0,0,2,0,0,689
3292,15,9,12,11,9-62,1023,B-C,U,155,186,19,0,0,33,393,591,0,0,1,0,0,591
2018,11,6,21,7,6-41,1583,B-C,U,145,152,12,2,2,12,325,504,1,0,1,0,0,504
2358,4,4,8,8,4-80,899,E,M,189,142,34,6,2,29,402,680,1,0,1,1,0,680
5217,2,2,17,17,2-57,631,B-C,R,81,142,14,6,2,0,245,588,1,0,2,0,1,588
1408,5,5,5,5,5-61,1784,B-C,U,129,139,6,3,3,6,286,476,0,0,1,0,0,476
2513,9,7,13,8,7-96,2721,B-C,R,382,128,4,1,0,4,519,400,1,0,1,0,1,400
1161,6,3,4,4,3-55,1390,B-C,U,173,151,6,2,0,11,343,632,1,0,1,0,0,632
2312,4,4,8,8,4-65,878,B-C,M,176,199,33,6,15,17,446,748,0,1,1,0,0,748
2081,11,6,21,7,6-34,1634,B-C,U,236,218,12,3,5,27,501,750,0,1,1,0,0,750
6474,14,14,22,22,14-5,62,B-C,M,90,160,29,6,6,8,299,475,0,0,2,0,0,475
4952,12,12,15,16,12-78,547,B-C,R,152,281,15,5,1,16,470,693,1,0,2,0,1,693
3976,8,8,14,13,8-95,2181,B-C,U,163,193,18,7,3,11,395,646,1,0,2,0,0,646
3251,15,9,11,11,9-43,973,B-C,U,191,199,10,1,3,15,419,744,1,0,1,0,0,744
4011,8,8,14,13,8-97,2193,B-C,U,173,181,15,8,2,15,394,702,0,1,2,0,0,702
6597,14,14,22,22,14-29,124,B-C,R,66,53,59,6,2,21,207,457,0,0,2,0,1,457
391,2,2,2,2,2-73,2533,B-C,R,131,93,20,7,1,0,252,383,0,0,2,0,1,383
5880,13,13,19,19,13-92,2878,E,R,47,202,24,0,1,10,284,446,1,0,2,1,1,446
6152,10,10,20,20,10-91,2992,B-C,R,97,156,5,2,2,8,270,594,1,0,2,0,1,594
794,5,5,5,3,5-55,1732,B-C,U,215,156,12,4,2,9,398,653,1,0,1,0,0,653
4994,14,14,22,17,14-39,248,B-C,U,113,214,17,2,60,21,427,666,1,0,2,0,0,666
5741,13,13,19,19,13-60,2827,B-C,U,60,235,80,1,4,23,403,726,1,0,2,0,0,726
5297,14,10,15,17,10-56,2765,B-C,R,186,119,8,4,3,9,329,560,1,0,2,0,1,560
1828,11,6,6,6,6-14,1651,B-C,M,215,143,11,5,4,14,392,706,1,0,1,0,0,706
487,1,1,2,2,1-40,2581,B-C,R,114,214,16,5,5,0,354,662,1,0,2,0,1,662
1976,6,3,7,7,3-59,1440,B-C,U,145,176,10,2,2,7,342,464,0,0,1,0,0,464
4341,8,8,17,14,8-24,2637,B-C,U,150,222,5,1,1,6,385,629,1,0,2,0,0,629
4734,12,12,16,16,12-28,352,B-C,U,139,167,20,2,4,15,347,633,1,0,2,0,0,633
3983,8,8,14,13,8-92,2184,B-C,U,160,195,18,12,2,6,393,647,1,0,2,0,0,647
510,1,1,2,2,1-53,2589,B-C,R,197,123,11,7,4,23,365,592,1,0,2,0,1,592
2531,2,2,9,9,2-3,143,B-C,U,184,253,20,13,6,18,494,735,1,0,2,0,0,735
2146,11,6,21,7,6-21,1647,B-C,U,210,145,9,0,1,8,373,737,0,1,1,0,0,737
2968,13,7,13,10,7-30,2101,B-C,R,38,60,65,0,3,28,194,377,0,0,1,0,1,377
5734,13,13,19,19,13-59,2824,B-C,U,58,172,73,4,4,18,329,559,1,0,2,0,0,559
4811,12,12,15,16,12-1,430,B-C,U,47,58,8,1,2,1,117,166,0,0,2,0,0,166
3269,15,9,11,11,9-43,1006,B-C,U,162,184,11,5,4,7,373,550,1,0,1,0,0,550
4338,8,8,17,14,8-23,2636,B-C,M,147,227,9,3,0,4,390,597,1,0,2,0,0,597
934,3,3,4,4,3-5,1277,B-C,U,208,199,9,3,2,13,434,731,1,0,1,0,0,731
5577,7,11,18,18,11-9,1993,B-C,U,135,107,11,3,1,5,262,486,0,0,1,0,0,486
3863,13,11,18,13,11-73,26,B-C,R,148,296,6,2,0,12,464,724,1,0,1,0,1,724
1011,3,3,3,4,3-16,1302,B-C,U,143,127,4,4,2,8,288,529,1,0,1,0,0,529
6164,10,10,20,20,10-97,2998,B-C,U,128,237,8,1,1,11,386,716,1,0,2,0,0,716
4352,8,8,17,14,8-33,2641,B-C,R,48,193,59,1,4,15,320,483,0,0,2,0,1,483
3140,9,7,13,10,7-68,2686,B-C,U,166,137,6,3,0,5,317,582,1,0,1,0,0,582
3526,9,4,11,12,4-88,940,B-C,U,124,264,10,2,2,7,409,566,1,0,1,0,0,566
1834,11,6,6,6,6-12,1657,B-C,R,254,162,2,1,1,4,424,698,1,0,1,0,1,698
1322,5,6,5,5,6-84,1466,B-C,U,207,230,9,1,2,14,463,636,0,0,1,0,0,636
1292,6,3,4,4,3-90,1510,B-C,R,300,131,11,2,0,11,455,714,1,0,1,0,1,714
6450,10,10,20,21,10-45,2346,B-C,R,41,91,9,4,0,17,162,378,0,0,2,0,1,378
525,1,1,2,2,1-55,2597,B-C,R,56,157,11,2,2,13,241,565,1,0,2,0,1,565
2947,13,7,13,10,7-31,2086,B-C,R,186,228,63,0,3,16,496,556,1,0,1,0,1,556
5602,7,11,18,18,11-17,2008,B-C,R,57,121,33,2,1,16,230,589,1,0,1,0,1,589
199,4,1,1,1,1-70,2394,B-C,R,138,196,9,1,0,4,348,479,0,0,1,0,1,479
3813,13,11,18,13,11-62,5,B-C,U,128,222,8,2,3,10,373,539,1,0,1,0,0,539
4701,12,12,16,16,12-25,341,B-C,U,186,144,18,3,5,16,372,662,1,0,2,0,0,662
5698,13,13,19,19,13-52,1194,B-C,U,104,141,6,4,1,6,262,436,0,0,2,0,0,436
5759,13,13,19,19,13-63,2835,B-C,U,91,227,60,4,5,19,406,658,1,0,2,0,0,658
4843,12,12,15,16,12-13,460,B-C,U,106,229,36,7,8,11,397,629,1,0,2,0,0,629
5574,7,11,18,18,11-9,1991,B-C,U,74,131,10,3,0,12,230,460,0,0,1,0,0,460
4795,12,12,16,16,12-5,421,B-C,U,108,119,16,4,3,6,256,380,0,0,2,0,0,380
92,4,1,1,1,1-103,1902,B-C,M,26,78,5,0,0,4,113,134,0,0,1,0,0,134
2686,2,2,9,9,2-48,217,B-C,R,85,139,4,8,3,17,256,483,0,0,2,0,1,483
5066,14,14,9,17,14-54,288,B-C,U,214,198,18,5,1,19,455,715,1,0,2,0,0,715
4405,12,12,15,15,12-47,368,B-C,U,131,157,28,7,6,11,340,519,1,0,2,0,0,519
347,2,2,2,2,2-75,2513,B-C,U,172,148,67,9,2,6,404,637,1,0,2,0,0,637
570,1,1,2,2,1-28,2891,B-C,M,229,284,58,1,2,17,591,737,1,0,2,0,0,737
531,1,1,2,2,1-57,2599,B-C,R,176,50,18,3,3,19,269,537,1,0,2,0,1,537
6284,10,13,19,21,13-41,707,B-C,R,68,86,8,0,1,11,174,415,0,0,2,0,1,415
2901,13,7,13,10,7-19,2060,B-C,M,145,127,32,0,3,8,315,500,1,0,1,0,0,500
3656,15,9,12,12,9-75,1046,B-C,U,155,133,10,4,3,7,312,494,0,0,1,0,0,494
1977,6,6,7,7,6-56,1441,B-C,U,114,131,9,4,2,9,269,376,0,0,1,0,0,376
5408,13,11,10,18,11-83,734,B-C,R,34,86,50,2,0,14,186,271,0,0,1,0,1,271
381,2,2,2,2,2-80,2529,B-C,U,119,93,125,4,5,14,360,550,1,0,2,0,0,550
6182,10,13,19,21,13-20,663,B-C,U,114,141,30,4,2,7,298,413,0,0,2,0,0,413
816,5,5,5,3,5-55,1741,B-C,U,186,144,7,4,3,6,350,649,1,0,1,0,0,649
6203,10,13,19,21,13-24,672,B-C,U,134,170,16,2,2,16,340,518,1,0,2,0,0,518
902,3,5,3,4,5-2,1263,B-C,U,144,173,7,1,0,9,334,561,1,0,1,0,0,561
6414,10,10,20,21,10-38,2326,B-C,U,100,194,12,3,0,15,324,615,1,0,2,0,0,615
1647,6,6,6,6,6-65,1540,B-C,U,101,130,8,2,3,8,252,422,0,0,1,0,0,422
29,1,4,1,1,4-14,778,B-C,R,144,88,12,2,1,16,263,582,1,0,1,0,1,582
6332,10,10,20,21,10-19,2279,B-C,U,148,293,42,4,4,15,506,720,0,0,2,0,0,720
109,4,1,1,1,1-63,2347,B-C,U,201,199,12,20,1,9,442,648,1,0,1,0,0,648
726,3,5,3,3,5-13,1697,B-C,U,242,266,12,2,3,15,540,736,1,0,1,0,0,736
2769,1,4,8,9,4-9,774,B-C,U,154,182,15,5,1,19,376,616,1,0,1,0,0,616
2522,2,2,9,9,2-1,141,B-C,M,144,162,13,7,1,25,352,633,1,0,2,0,0,633
1453,5,5,5,5,5-67,1803,B-C,U,136,175,10,1,2,10,334,555,1,0,1,0,0,555
841,5,5,5,3,5-63,1752,B-C,U,172,213,5,5,3,11,409,643,1,0,1,0,0,643
1590,5,5,5,5,5-80,3017,B-C,U,127,142,5,1,1,5,281,455,0,0,1,0,0,455
114,4,1,1,1,1-65,2350,B-C,M,170,196,11,16,1,15,409,645,1,0,1,0,0,645
6574,14,14,22,22,14-25,112,B-C,R,48,119,60,16,9,39,291,710,0,0,2,0,1,710
3779,15,4,12,12,4-108,1156,B-C,R,78,130,0,3,0,5,216,344,0,0,1,0,1,344
4593,12,13,15,15,13-14,538,B-C,R,116,150,7,2,1,6,282,452,1,0,2,0,1,452
2523,2,2,9,9,2-1,141,B-C,M,126,155,18,5,7,8,319,633,1,0,2,0,0,633
2049,11,6,21,7,6-33,1631,B-C,U,154,173,10,7,2,19,365,671,1,0,1,0,0,671
6035,10,10,20,20,10-70,2802,B-C,U,138,148,13,1,0,9,309,506,1,0,2,0,0,506
3993,8,8,14,13,8-94,2187,B-C,U,167,163,12,7,6,16,371,617,1,0,2,0,0,617
4640,8,8,17,15,8-6,2921,B-C,M,145,256,9,2,1,16,429,586,1,0,2,0,0,586
1338,3,5,3,5,5-86,1477,B-C,M,191,181,10,5,2,8,397,734,0,1,1,0,0,734
1677,11,6,21,6,6-44,1558,B-C,U,180,141,11,2,0,14,348,533,1,0,1,0,0,533
3583,9,4,12,12,4-93,980,B-C,U,198,112,12,7,1,13,343,744,0,1,1,0,0,744
11,1,4,1,1,4-2,755,B-C,U,152,180,17,4,2,11,366,597,1,0,1,0,0,597
4017,8,8,14,13,8-94,2194,B-C,U,172,240,22,11,3,11,459,701,1,0,2,0,0,701
2858,7,7,10,10,7-5,2042,B-C,U,96,332,8,2,2,5,445,688,0,1,1,0,0,688
6325,10,10,20,21,10-21,2276,B-C,U,104,186,34,6,1,19,350,636,1,0,2,0,0,636
4129,8,8,14,14,8-65,2121,B-C,U,173,174,17,9,5,17,395,673,1,0,2,0,0,673
1112,3,3,7,4,3-33,1340,B-C,U,178,210,4,2,1,10,405,659,1,0,1,0,0,659
6548,14,14,22,22,14-20,97,B-C,U,78,78,47,3,1,10,217,486,0,0,2,0,0,486
1552,5,6,6,5,6-80,1853,B-C,U,136,209,5,5,1,10,366,523,1,0,1,0,0,523
3440,9,9,11,11,9-4,1131,B-C,M,106,157,5,4,3,15,290,537,1,0,1,0,0,537
475,1,1,2,2,1-39,2573,B-C,R,119,242,11,2,8,15,397,747,1,0,2,0,1,747
6736,14,14,22,22,14-102,2737,B-C,U,112,121,14,3,0,17,267,423,0,0,2,0,0,423
5565,7,11,18,18,11-31,1987,B-C,R,192,96,6,1,1,14,310,516,1,0,1,0,1,516
4360,12,12,16,15,12-42,347,B-C,NA,150,204,37,7,4,15,417,720,0,1,2,0,0,720
3389,15,9,11,11,9-49,1099,B-C,U,186,195,12,1,1,8,403,684,0,1,1,0,0,684
5330,7,11,10,18,11-97,574,B-C,U,183,178,9,12,0,11,393,635,1,0,1,0,0,635
5996,10,10,20,20,10-48,2652,B-C,R,131,220,2,1,0,11,365,621,0,0,2,0,1,621
5973,10,10,20,20,10-12,1888,B-C,R,50,65,25,3,3,9,155,328,0,0,2,0,1,328
5206,2,2,17,17,2-53,626,B-C,R,80,83,7,2,1,12,185,385,0,0,2,0,1,385
2895,7,7,10,10,7-14,2057,B-C,R,87,111,4,0,0,14,216,376,0,0,1,0,1,376
4850,12,13,15,16,13-5,465,B-C,U,122,130,13,6,1,11,283,463,0,0,2,0,0,463
5357,7,11,10,18,11-105,594,B-C,R,219,138,15,38,7,17,434,680,1,0,1,0,1,680
3581,9,4,12,12,4-92,980,B-C,U,183,110,15,3,1,15,327,744,0,1,1,0,0,744
4724,12,12,16,16,12-36,346,B-C,U,102,154,16,0,3,10,285,502,1,0,2,0,0,502
5430,7,11,18,18,11-41,1916,B-C,U,170,213,4,2,0,9,398,588,1,0,1,0,0,588
1378,5,5,5,5,5-50,1494,B-C,M,190,159,3,0,1,13,366,683,0,1,1,0,0,683
5358,7,11,10,18,11-105,594,B-C,R,174,190,14,47,0,22,447,679,1,0,1,0,1,679
2802,1,4,8,9,4-35,809,E,R,98,250,9,13,3,23,396,680,1,0,1,1,1,680
105,4,1,1,1,1-104,1910,B-C,M,130,253,36,3,2,8,432,593,1,0,1,0,0,593
2822,1,4,8,9,4-40,820,B-C,R,120,83,14,0,1,20,238,494,0,0,1,0,1,494
5470,7,11,18,18,11-49,1936,B-C,R,30,65,3,0,0,7,105,190,0,0,1,0,1,190
1463,5,5,5,5,5-76,1809,B-C,U,213,200,10,1,6,13,443,730,1,0,1,0,0,730
5139,14,14,9,17,14-68,319,B-C,R,129,209,17,2,3,34,394,658,1,0,2,0,1,658
2298,4,4,8,8,4-63,876,B-C,M,149,150,18,4,2,12,335,650,1,0,1,0,0,650
1899,6,3,7,7,3-50,1383,B-C,U,162,237,9,2,0,2,412,614,0,0,1,0,0,614
3494,15,9,12,11,9-18,1170,B-C,M,103,147,12,3,3,20,288,533,1,0,1,0,0,533
3239,15,9,11,11,9-35,959,B-C,U,141,171,4,7,0,10,333,574,1,0,1,0,0,574
77,4,1,1,1,1-100,1894,B-C,U,143,175,12,2,0,4,336,465,0,0,1,0,0,465
2514,9,7,13,8,7-96,2721,E,R,117,179,9,3,2,12,322,523,1,0,1,1,1,523
2078,11,6,21,7,6-35,1634,B-C,U,215,258,14,4,0,12,503,749,0,1,1,0,0,749
4711,12,12,16,16,12-23,342,B-C,U,189,182,14,6,4,11,406,742,1,0,2,0,0,742
2409,9,7,13,8,7-63,2656,B-C,U,156,183,16,8,0,7,370,628,1,0,1,0,0,628
3651,15,9,12,12,9-74,1044,B-C,U,151,149,14,5,3,0,322,489,0,0,1,0,0,489
4610,8,8,17,15,8-18,2908,B-C,M,118,307,18,16,2,13,474,707,1,0,2,0,0,707
2047,11,6,21,7,6-33,1631,B-C,U,201,139,7,6,1,13,367,672,1,0,1,0,0,672
2060,6,6,4,7,6-30,1632,B-C,NA,191,213,8,2,1,0,415,743,0,1,1,0,0,743
3150,9,7,13,10,7-84,2700,B-C,U,145,175,8,0,0,12,340,564,1,0,1,0,0,564
4913,2,12,16,16,12-71,516,B-C,M,24,120,3,2,0,5,154,423,0,0,2,0,0,423
6485,14,14,22,22,14-8,67,B-C,U,78,169,34,4,1,18,304,578,1,0,2,0,0,578
4310,8,8,17,14,8-27,2626,B-C,U,131,296,22,4,1,14,468,748,1,0,2,0,0,748
1667,11,6,6,6,6-61,1553,B-C,U,143,203,15,0,0,9,370,620,1,0,1,0,0,620
2288,4,4,8,8,4-61,872,B-C,U,252,136,28,6,3,17,442,665,1,0,1,0,0,665
2862,7,7,10,10,7-7,2043,B-C,R,116,261,3,1,0,7,388,562,1,0,1,0,1,562
3096,7,7,10,10,7-55,2493,B-C,R,208,173,8,0,0,38,427,740,0,0,1,0,1,740
6147,10,10,20,20,10-96,2990,B-C,R,92,52,7,7,0,5,163,458,0,0,2,0,1,458
3188,9,7,13,10,7-91,2726,B-C,R,131,95,10,3,1,7,247,395,1,0,1,0,1,395
1040,3,3,4,4,3-23,1310,B-C,U,176,195,9,7,2,11,400,651,1,0,1,0,0,651
1116,3,3,7,4,3-34,1342,B-C,U,154,223,11,2,0,9,399,678,1,0,1,0,0,678
4190,8,8,14,14,8-87,2169,B-C,U,150,116,14,3,6,11,300,537,1,0,2,0,0,537
3226,15,9,11,11,9-36,954,B-C,U,93,184,5,2,2,2,288,415,0,0,1,0,0,415
5128,14,14,9,17,14-66,313,E,R,132,138,8,5,1,6,290,488,1,0,2,1,1,488
4492,12,13,15,15,13-4,450,B-C,U,222,249,29,8,4,12,524,689,1,0,2,0,0,689
5747,13,13,19,19,13-61,2829,B-C,U,98,214,62,2,3,18,397,662,1,0,2,0,0,662
5644,13,11,18,19,11-55,919,B-C,R,130,260,18,4,0,6,418,731,1,0,1,0,1,731
4483,12,13,15,15,13-1,437,S,U,49,89,10,3,1,1,153,0,0,0,2,0,0,153
529,1,1,2,2,1-57,2598,B-C,R,182,175,18,3,3,22,403,675,1,0,2,0,1,675
4887,2,12,16,16,12-65,500,B-C,U,148,244,10,5,1,12,420,649,1,0,2,0,0,649
1837,11,6,6,6,6-16,1658,B-C,R,194,129,9,7,3,17,359,673,1,0,1,0,1,673
3350,15,9,12,11,9-46,1077,B-C,U,218,182,6,1,5,12,424,666,1,0,1,0,0,666
3129,9,7,13,10,7-66,2677,B-C,U,109,115,15,0,0,0,239,521,1,0,1,0,0,521
2381,4,4,8,8,4-84,909,B-C,M,90,229,35,12,6,20,392,670,1,0,1,0,0,670
5592,7,11,18,18,11-21,2002,B-C,R,182,106,6,4,0,7,305,541,1,0,1,0,1,541
4253,8,8,14,14,8-49,2227,B-C,R,135,160,8,3,1,11,318,527,1,0,2,0,1,527
4093,8,8,14,13,8-64,2260,B-C,R,199,156,17,2,2,11,387,641,1,0,2,0,1,641
1539,5,5,5,5,5-70,1847,B-C,U,226,204,8,4,6,9,457,735,1,0,1,0,0,735
335,2,2,2,2,2-75,2507,S,U,34,42,14,1,1,1,93,0,1,0,2,0,0,93
4925,2,12,16,16,12-74,521,B-C,U,125,127,20,6,1,9,288,529,1,0,2,0,0,529
232,4,1,1,1,1-79,2412,B-C,R,120,54,43,7,1,12,237,423,0,0,1,0,1,423
1468,5,5,5,5,5-75,1810,B-C,U,174,147,8,2,2,18,351,614,1,0,1,0,0,614
2544,2,2,9,9,2-8,147,B-C,U,132,143,25,7,4,15,326,527,1,0,2,0,0,527
6328,10,10,20,21,10-20,2277,B-C,U,101,105,21,5,2,13,247,378,0,0,2,0,0,378
3627,15,9,12,12,9-61,1014,B-C,U,185,192,9,5,2,7,400,696,0,0,1,0,0,696
1002,6,3,4,4,3-20,1298,B-C,U,199,173,16,4,1,15,408,744,1,0,1,0,0,744
1502,5,5,6,5,5-41,1830,B-C,U,155,152,9,5,1,6,328,450,0,0,1,0,0,450
4857,12,12,15,16,12-14,471,B-C,U,176,199,42,8,4,12,441,738,1,0,2,0,0,738
3392,15,9,11,11,9-48,1099,B-C,U,176,162,9,4,0,11,362,684,0,1,1,0,0,684
3390,15,9,11,11,9-48,1099,B-C,U,173,172,8,5,4,10,372,684,0,1,1,0,0,684
4032,8,8,14,13,8-67,2220,B-C,R,79,115,9,2,0,6,211,468,0,0,2,0,1,468
5307,14,10,15,17,10-59,2771,B-C,U,79,215,14,4,5,20,337,606,1,0,2,0,0,606
257,4,1,1,1,1-77,2425,B-C,R,151,73,10,4,3,15,256,475,0,0,1,0,1,475
2467,9,7,13,8,7-74,2687,B-C,R,165,60,8,8,0,14,255,501,1,0,1,0,1,501
4010,8,8,14,13,8-97,2193,B-C,U,154,172,21,17,7,25,396,702,0,1,2,0,0,702
852,5,5,7,3,5-35,1758,B-C,U,128,167,11,5,5,11,327,459,0,0,1,0,0,459
709,3,5,3,3,5-9,1692,B-C,U,201,263,9,5,0,18,496,733,1,0,1,0,0,733
2701,2,2,9,9,2-22,226,B-C,R,79,107,6,4,1,17,214,491,0,0,2,0,1,491
3157,9,7,13,10,7-83,2708,B-C,R,73,24,7,0,3,4,111,205,0,0,1,0,1,205
6500,14,14,22,22,14-9,74,B-C,U,120,193,36,11,4,16,380,604,1,0,2,0,0,604
1147,3,3,7,4,3-47,1360,B-C,U,130,173,5,1,0,9,318,514,1,0,1,0,0,514
4322,8,8,17,14,8-20,2630,B-C,R,178,145,18,3,2,10,356,588,1,0,2,0,1,588
2617,2,2,9,9,2-14,176,B-C,U,108,182,23,3,5,9,330,464,0,0,2,0,0,464
6616,14,14,22,22,14-34,136,B-C,M,40,174,77,4,3,19,317,604,1,0,2,0,0,604
1479,5,5,6,5,5-43,1816,B-C,U,121,210,7,4,0,10,352,472,0,0,1,0,0,472
224,4,1,1,1,1-73,2408,B-C,M,84,152,15,2,0,18,271,588,1,0,1,0,0,588
551,1,2,2,2,2-88,2779,B-C,M,99,75,17,9,0,7,207,247,1,0,2,0,0,247
3772,9,4,11,12,4-108,1146,B-C,U,66,167,7,2,1,10,253,442,0,0,1,0,0,442
6655,14,14,22,22,14-80,1209,B-C,R,123,78,85,1,0,23,310,482,0,0,2,0,1,482
1458,5,5,7,5,5-33,1806,B-C,U,140,105,6,5,1,7,264,435,0,0,1,0,0,435
592,1,1,2,2,1-20,2904,B-C,R,142,142,25,2,2,11,324,427,0,0,2,0,1,427
2317,4,4,8,8,4-66,878,B-C,M,198,208,22,2,6,14,450,748,0,1,1,0,0,748
2576,2,2,9,9,2-7,159,B-C,U,167,171,4,7,6,19,374,611,1,0,2,0,0,611
769,3,5,7,3,5-26,1719,B-C,U,196,230,6,4,4,13,453,704,1,0,1,0,0,704
5723,13,13,19,19,13-56,2819,B-C,M,95,191,43,1,3,13,346,531,1,0,2,0,0,531
5264,14,10,15,17,10-50,2746,B-C,M,102,141,20,4,2,16,285,555,1,0,2,0,0,555
2385,4,4,8,8,4-85,911,B-C,R,108,119,12,1,3,22,265,531,1,0,1,0,1,531
3399,15,9,12,11,9-51,1100,B-C,U,166,112,3,1,1,10,293,556,1,0,1,0,0,556
4800,12,12,16,16,12-19,423,B-C,U,93,89,11,2,3,12,210,376,0,0,2,0,0,376
3936,8,8,14,13,8-69,2143,B-C,U,119,145,11,3,1,7,286,432,0,0,2,0,0,432
3307,15,9,12,11,9-64,1040,B-C,U,163,179,12,1,1,13,369,640,1,0,1,0,0,640
938,3,3,3,4,3-7,1278,B-C,U,176,226,16,1,2,7,428,667,0,1,1,0,0,667
6073,10,10,20,20,10-77,2949,B-C,U,149,171,6,31,1,12,370,652,1,0,2,0,0,652
2856,7,7,10,10,7-5,2042,B-C,U,131,300,4,1,0,9,445,688,0,1,1,0,0,688
969,3,3,4,4,3-14,1285,B-C,U,225,247,17,3,3,2,497,736,0,1,1,0,0,736
6041,10,10,20,20,10-66,2804,B-C,U,143,251,11,3,1,0,409,706,1,0,2,0,0,706
6656,14,14,22,22,14-80,1209,B-C,R,81,115,80,2,1,26,305,482,0,0,2,0,1,482
5260,14,10,15,17,10-49,2744,B-C,U,114,186,37,3,0,18,358,589,1,0,2,0,0,589
181,4,1,1,1,1-88,2385,B-C,U,204,117,13,2,3,14,353,614,1,0,1,0,0,614
4084,8,8,14,13,8-55,2254,B-C,R,79,190,22,1,1,23,316,582,1,0,2,0,1,582
3007,7,7,10,10,7-35,2459,B-C,U,124,212,1,0,1,5,343,473,0,0,1,0,0,473
1156,6,3,7,4,3-43,1364,B-C,U,155,145,9,6,2,8,325,548,1,0,1,0,0,548
3958,8,8,14,13,8-90,2177,B-C,U,167,200,21,9,5,0,402,691,1,0,2,0,0,691
4559,2,12,16,15,12-63,513,B-C,U,205,155,12,2,1,6,381,596,1,0,2,0,0,596
2814,1,4,8,9,4-39,816,B-C,R,76,123,0,5,0,8,212,338,0,0,1,0,1,338
4866,12,12,15,16,12-16,473,B-C,U,183,164,17,7,8,18,397,732,1,0,2,0,0,732
5370,7,11,10,18,11-94,603,B-C,R,134,51,5,2,0,5,197,436,0,0,1,0,1,436
2118,11,6,21,7,6-23,1643,B-C,U,181,165,15,10,1,10,382,695,0,1,1,0,0,695
3375,15,9,12,11,9-55,1091,B-C,U,209,132,16,0,0,9,366,679,1,0,1,0,0,679
748,3,5,7,3,5-25,1709,B-C,U,218,221,6,5,3,15,468,724,1,0,1,0,0,724
5134,14,14,9,17,14-66,316,B-C,R,119,102,20,3,1,8,253,545,1,0,2,0,1,545
3233,15,9,11,11,9-34,957,B-C,U,115,130,12,3,1,11,272,501,1,0,1,0,0,501
294,1,1,2,2,1-2,333,B-C,R,240,86,3,1,0,13,343,407,0,0,2,0,1,407
2454,9,7,13,8,7-69,2681,B-C,U,162,210,11,9,3,13,408,675,1,0,1,0,0,675
5664,13,11,18,19,11-55,928,B-C,R,105,131,36,11,2,15,300,514,1,0,1,0,1,514
472,1,1,2,2,1-39,2572,B-C,R,77,127,14,8,12,21,259,469,0,0,2,0,1,469
5808,13,13,19,19,13-75,2852,E,R,25,95,74,10,4,12,220,470,1,0,2,1,1,470
2727,1,4,1,9,4-7,760,B-C,U,184,193,10,4,6,11,408,717,1,0,1,0,0,717
2034,11,6,21,7,6-39,1619,B-C,U,142,160,17,6,0,9,334,497,0,0,1,0,0,497
1345,5,5,5,5,5-48,1483,B-C,U,183,182,8,0,0,11,384,623,1,0,1,0,0,623
5936,10,10,20,20,10-6,1871,B-C,U,85,152,20,0,2,9,268,438,0,0,2,0,0,438
5671,13,13,19,19,13-44,1182,B-C,U,183,224,19,1,8,15,450,639,1,0,2,0,0,639
6496,14,14,22,22,14-9,73,B-C,U,86,155,29,4,2,14,290,426,0,0,2,0,0,426
3638,15,4,12,12,4-97,1027,B-C,U,133,124,6,1,3,11,278,422,0,0,1,0,0,422
361,2,2,2,2,2-71,2520,B-C,R,148,120,28,7,4,13,320,510,1,0,2,0,1,510
4367,12,12,16,15,12-41,347,B-C,NA,156,226,35,10,5,8,440,720,0,1,2,0,0,720
5388,13,11,10,18,11-84,722,B-C,U,108,160,42,2,0,16,328,481,0,0,1,0,0,481
3243,15,9,11,11,9-33,960,B-C,U,187,236,8,2,3,11,447,701,1,0,1,0,0,701
3403,15,9,12,11,9-52,1102,B-C,U,160,133,11,5,4,22,335,691,1,0,1,0,0,691
782,5,5,7,3,5-23,1726,B-C,U,212,153,13,4,2,6,390,492,0,0,1,0,0,492
5329,7,11,10,18,11-98,573,B-C,U,221,195,8,6,0,15,445,664,0,0,1,0,0,664
604,1,1,2,2,1-7,2938,E,R,41,35,0,0,0,3,79,86,0,0,2,1,1,86
5692,13,13,19,19,13-49,1191,B-C,R,158,244,11,3,0,12,428,678,1,0,2,0,1,678
1004,3,3,4,4,3-21,1299,B-C,U,128,142,4,1,0,3,278,440,0,0,1,0,0,440
6092,10,10,20,20,10-82,2959,B-C,U,140,188,21,49,8,13,419,648,1,0,2,0,0,648
